Item,Qty,Reference(s),Value,Footprint,LCSC,PN
1,8,"C1, C3, C11, C12, C14, C32, C67, C71",10uF 50V,Capacitor_SMD:C_1206_3216Metric,C13585,C1206C106K4PACTU
2,4,"C2, C9, C15, C24",1uF 50V,Capacitor_SMD:C_1206_3216Metric,C1848,CL31B105KBHNNNE
3,4,"C4, C10, C17, C28",10nF 50V,Capacitor_SMD:C_1206_3216Metric,C1846,C1206C103K5RAC7210
4,2,"C5, C21",105pF 50V,Capacitor_SMD:C_1206_3216Metric,C1884,CL31C101JGFNNNE
5,16,"C6, C7, C13, C16, C18, C20, C22, C23, C25, C26, C27, C29, C68, C70, C72, C80",0.1uF 50V,Capacitor_SMD:C_1206_3216Metric,C24497,C1206C104K5RACTU
6,2,"C8, C19",180pF 50V,Capacitor_SMD:C_1206_3216Metric,C527293,C1206C181J5GAC7800
7,1,C69,470uF 25V,Capacitor_THT:CP_Radial_D10.0mm_P5.00mm,, ECA-1EM471
8,14,"G1, G2, G3, G4, G5, G6, TP1, TP2, TP3, TP4, TP5, TP6, TP17, TP18",TestPoint,Connector_PinHeader_2.54mm:PinHeader_1x01_P2.54mm_Vertical,,
9,1,J1,IQ_Out,T41_Library:Jack_3.5mm_STX-3081_Horizontal,,SJ1-3515N
10,1,J2,RF_IN,Connector_Coaxial:SMA_Amphenol_901-144_Vertical,,CONSMA001-G
11,1,J3,RFControl,Connector_IDC:IDC-Header_2x05_P2.54mm_Vertical,,
12,1,J4,12-13.8V,TerminalBlock:TerminalBlock_bornier-2_P5.08mm,,
13,1,JP4,CAL isolation,Connector_PinHeader_2.54mm:PinHeader_1x02_P2.54mm_Vertical,,
14,4,"L1, L2, L3, L7",FB,Resistor_SMD:R_1206_3216Metric,C74486,HZ1206E601R-10
15,1,L4,1.5uH,Resistor_SMD:R_1206_3216Metric,C395022,LQM31PN1R5M00L
16,3,"L11, L12, L13",10uH 20%,Inductor_SMD:L_Bourns-SRN6028,C5753503,IFSC2020DEER100M01
17,2,"R1, R13",2k,Resistor_SMD:R_1206_3216Metric,C17944,ERA-8AEB202V
18,8,"R2, R3, R5, R6, R10, R11, R17, R18",5k1,Resistor_SMD:R_1206_3216Metric,C26033,ERJ-8ENF5101V
19,4,"R4, R8, R16, R22",100R,Resistor_SMD:R_1206_3216Metric,C17901,CR1206-FX-1000ELF
20,8,"R7, R9, R12, R15, R19, R20, R21, R23",10k,Resistor_SMD:R_1206_3216Metric,C17902,CR1206-FX-1002ELF
21,1,R14,36R5,Resistor_SMD:R_1206_3216Metric,C205349,CRCW120636R5FKEA
22,4,"R40, R42, R64, R65",0 Ohm,Resistor_SMD:R_1206_3216Metric,C17888,1206S4J0000TDE
23,6,"R49, R51, R60, R61, R62, R63",2k2,Resistor_SMD:R_1206_3216Metric,C17948,RT1206FRE072K2L
24,1,TR1,ADT1-1,RF_Mini-Circuits:Mini-Circuits_CD542_H2.84mm,C2683432,ADT1-1+
25,1,U1,74CBTLV3253DR,Package_SO:SOIC-16_3.9x9.9mm_P1.27mm,C543079,SN74CBTLV3253DR
26,1,U2,PSA-8A+,Package_TO_SOT_SMD:SOT-363_SC-70-6,C3192212,PSA-8A+
27,1,U11,Attenuator Daughter Board (See Legend),T41_Library:T41_Attenuator_Daughter,,
28,1,U12,Oscillator Daughter Board (See Legend),T41_Library:T41_DualClock_Daughter,,
29,1,U14,LM7805CT,Package_TO_SOT_THT:TO-220-3_Vertical,C725349,LM7805CT
30,1,U15,LM1117T-3.3,Package_TO_SOT_THT:TO-220-3_Vertical,C201726,LM1117T-3.3/NOPB
31,1,U21,MCP23017_SO,Package_SO:SOIC-28W_7.5x17.9mm_P1.27mm,C47023,MCP23017-E/SO
32,1,U106,AD8599,Package_SO:SOIC-8_3.9x4.9mm_P1.27mm,C207971,AD8599ARZ-REEL
33,1,U107,OPA2209,Package_SO:SOIC-8_3.9x4.9mm_P1.27mm,C2057330,OPA2209AIDR
